laser_score,source_sentence_lid,target_sentence_lid,source_sentence_source,source_sentence_url,target_sentence_source,target_sentence_url,source,target
1.0971587,0.99997,0.99982,crawl-data/CC-MAIN-2018-30/segments/1531676590199.42/wet/CC-MAIN-20180718135047-20180718155047-00400.warc.wet.gz,http://www.pearltrees.com/kirknh/kirk-communications/id14369212,paracrawl9_hieu,_,"Translate this sentence from eng to hat: Since it's launch in 2010, Pinterest has become an increasingly useful and relevant social media platform to grow your business online.","Depi se anlanse nan 2010, Pinterest te devni yon platfòm de pli zan pli itil epi konvenab medya sosyal pou devlope sou liy biznis ou."
1.0600024,0.99998,0.99999,crawl-data/CC-MAIN-2017-09/segments/1487501174159.38/wet/CC-MAIN-20170219104614-00462-ip-10-171-10-108.ec2.internal.warc.wet.gz,http://www.religion-online.org/showarticle.asp?title=1307,paracrawl9_marta,_,Translate this sentence from eng to hat: people insist that Jesus will return at any moment.,Jezi ap retounen nenpòt ki moman.
1.0625682,0.99967,0.99974,crawl-data/CC-MAIN-2020-24/segments/1590348523564.99/wet/CC-MAIN-20200607044626-20200607074626-00019.warc.wet.gz,https://www.bbc.co.uk/blogs/theeditors/2006/06/gaza_stories.html,crawl-data/CC-MAIN-2021-31/segments/1627046151699.95/wet/CC-MAIN-20210725143345-20210725173345-00622.warc.wet.gz,http://www.lescrutateur.com/article-32049915.html,"Translate this sentence from eng to hat: Everything is written in passive voice: ""were seized,"" ""was hit,"" ""were also destroyed"" - by WHO?","Chanté-a ka di "" Sé pou la viktwa nou ka alé "" mé: Nou ka alé pou laviktwa kimoun oben ki sa ?"
1.0688307,0.98213,0.93985,crawl-data/CC-MAIN-2020-50/segments/1606141686635.62/wet/CC-MAIN-20201202021743-20201202051743-00042.warc.wet.gz,https://www.famousfix.com/list/american-screwball-comedy-films,crawl-data/CC-MAIN-2017-51/segments/1512948521292.23/wet/CC-MAIN-20171213045921-20171213065921-00160.warc.wet.gz,http://songmeanings.com/artist/view/songs/8213/,Translate this sentence from eng to hat: Who's That Girl 0 0,Que Se Bote 0
1.069045,1.0,0.99909,crawl-data/CC-MAIN-2021-49/segments/1637964358966.62/wet/CC-MAIN-20211130080511-20211130110511-00594.warc.wet.gz,https://takeupcross.com/lord-christ/i-am-his/,crawl-data/CC-MAIN-2018-09/segments/1518891814801.45/wet/CC-MAIN-20180223154626-20180223174626-00476.warc.wet.gz,https://www.jw.org/ht/piblikasyon-yo/peryodik/etid-toudegad-fevriye-2017/%C3%A8ske-bondye-deside-alavans-ki-epr%C3%A8v-l-ap-kite-nou-jwenn/,"Translate this sentence from eng to hat: Oh, what a comfort this is.",Se pa ti konsole panse sa a konsole nou!
1.0584286,0.9988,1.00001,crawl-data/CC-MAIN-2018-09/segments/1518891807825.38/wet/CC-MAIN-20180217204928-20180217224928-00551.warc.wet.gz,http://mcalvanynews.com/july-1-2015-paper-castles-and-21st-century-feudalism/,paracrawl9_philipp,_,"Translate this sentence from eng to hat: Again, I think we are talking about a philosophical difference.","Ankò, mwen kwè gen yon sèten koneksyon sou nivo filozofik la."
1.0978931,0.9992,0.81299,crawl-data/CC-MAIN-2017-51/segments/1512948599156.77/wet/CC-MAIN-20171217230057-20171218012057-00087.warc.wet.gz,http://forum.theppk.com/viewtopic.php?p=685581,crawl-data/CC-MAIN-2021-04/segments/1610703548716.53/wet/CC-MAIN-20210124111006-20210124141006-00707.warc.wet.gz,https://www.meneame.net/story/boom-gambito-dama-asociaciones-cuentan-20-millones-mas-jugadores,Translate this sentence from eng to hat: #18 is just amazing.,#18 Yo te animo.
1.0615942,1.0,0.99998,crawl-data/CC-MAIN-2021-25/segments/1623487634576.73/wet/CC-MAIN-20210617222646-20210618012646-00394.warc.wet.gz,https://centralfallout.com/steve-carell-wife/,paracrawl9_wide00016,_,"Translate this sentence from eng to hat: It is called ""My Mother's Fleabag.""","It's called ""se manman mwen ki fè diri dou."""
1.0818982,1.00001,1.00001,paracrawl20211101,_,paracrawl9_philipp,_,"Translate this sentence from eng to hat: In addition, illegally shot video of the film, which is made using this technology, not only does not convey all of its splendor, but it makes the film almost incapable of re-viewing.","Anplis de sa, ilegalman tire videyo nan fim nan, ki se te fè lè l sèvi avèk teknoloji sa a, se pa sèlman pa pote tout bèl li yo, men li fè fim nan prèske anmezi pou gade re-."
1.0961063,0.99887,0.99996,crawl-data/CC-MAIN-2021-17/segments/1618038863420.65/wet/CC-MAIN-20210419015157-20210419045157-00001.warc.wet.gz,https://blog.ethicalmusings.com/2019/11/the-real-prosperity-gospel.html,paracrawl9_philipp,_,"Translate this sentence from eng to hat: Never forget, Jesus was a Jew.",Pa janm bliye ke Jesus te yon prizonye.
1.065952,0.99992,1.00001,crawl-data/CC-MAIN-2021-17/segments/1618038860318.63/wet/CC-MAIN-20210418194009-20210418224009-00484.warc.wet.gz,https://bible-tools.org/index.php?page=chapview&bible=8&book=43&chapter=12,crawl-data/CC-MAIN-2020-10/segments/1581875146186.62/wet/CC-MAIN-20200226023658-20200226053658-00035.warc.wet.gz,https://www.stepbible.org/?q=version=FreCrl%7Creference=Joh.12,Translate this sentence from eng to hat: 43 for they loved the glory [that is] of men more than the glory [that is] of God.,43Yo te pito lwanj ki soti nan men lèzòm pase lwanj ki soti nan men Bondye.
1.056503,0.99963,0.99984,crawl-data/CC-MAIN-2020-16/segments/1585371611051.77/wet/CC-MAIN-20200405213008-20200406003508-00198.warc.wet.gz,https://naijaavenue.com/what-to-know-about-coronavirus/,crawl-data/CC-MAIN-2021-25/segments/1623487630081.36/wet/CC-MAIN-20210625085140-20210625115140-00100.warc.wet.gz,https://tessidagratis.ht/covid19/,"Translate this sentence from eng to hat: This may vary under different conditions (for instance, type of surface, temperature or humidity of the environment).","Tan an ka varye selon kondisyon yo (pa egzanp, ki kalite sifas, tanperati a, oswa imidite anviwònman an)."
1.060776,0.99832,1.00001,crawl-data/CC-MAIN-2020-45/segments/1603107888402.81/wet/CC-MAIN-20201025070924-20201025100924-00204.warc.wet.gz,https://forum.cyberhorse.com.au/forums/archive/index.php/f-4-p-329.html?s=fa5da71165a7a0ddcb16d640a6b8dd72,crawl-data/CC-MAIN-2021-10/segments/1614178369553.75/wet/CC-MAIN-20210304235759-20210305025759-00519.warc.wet.gz,https://ht.info-4all.ru/dosug-mwen-razvlecheniya/Jw%C3%A8t-pa-konpit%C3%A8/,Translate this sentence from eng to hat: Who remembers the Misty of Chincoteague story?,Ki moun ki sonje ki jan yo jwe tanchiki nan jwèt sou papye?
1.0602567,0.99035,0.94968,crawl-data/CC-MAIN-2020-45/segments/1603107874340.10/wet/CC-MAIN-20201020221156-20201021011156-00050.warc.wet.gz,https://www.cambly.com/en/browsetutors/5967cc80dcd75a00238473ad?lang=th,crawl-data/CC-MAIN-2021-25/segments/1623487622113.11/wet/CC-MAIN-20210625054501-20210625084501-00139.warc.wet.gz,https://blogeblage.wordpress.com/2014/05/22/kite-m-viv-alez/,Translate this sentence from eng to hat: Science- How things work.,Progrè...ala bagay pran travay.
1.0611595,0.97497,0.99862,crawl-data/CC-MAIN-2018-05/segments/1516084886639.11/wet/CC-MAIN-20180116184540-20180116204540-00622.warc.wet.gz,https://wordpresscom-windows-10.softonic.jp/,paracrawl9_philipp,_,Translate this sentence from eng to hat: What do you think about Wordpress.com?,"Tann, ki sa ki sou WordPress.com?"
1.0597669,1.00001,1.00001,crawl-data/CC-MAIN-2019-04/segments/1547583684033.26/wet/CC-MAIN-20190119221320-20190120003320-00162.warc.wet.gz,https://amirselcuk.tr.gg/Wahhabism.htm,crawl-data/CC-MAIN-2019-35/segments/1566027313987.32/wet/CC-MAIN-20190818165510-20190818191510-00269.warc.wet.gz,https://lifespeaker.ru/ht/samye-malenkie-zhivotnye-v-mire.html,Translate this sentence from eng to hat: They took whatever they found inside the dome and its surroundings.,Yo manje tout bagay yo te kapab trape nan pati anba a nan rezèvwa yo ak sou sifas la nan tè a.
1.0663534,0.99993,1.00001,crawl-data/CC-MAIN-2018-47/segments/1542039746227.72/wet/CC-MAIN-20181120035814-20181120061814-00544.warc.wet.gz,http://awedate.com/hook-up-site-terrassa/,crawl-data/CC-MAIN-2019-51/segments/1575540525598.55/wet/CC-MAIN-20191209225803-20191210013803-00469.warc.wet.gz,https://www.tempodium.nl/pi-bon-seks-gratis-sit-entenet-nan-holland-ewop/,"Translate this sentence from eng to hat: The transfer allows users to their sexual preferences are, it is easy to search and be found by discovering the right people on AFF, the loops in the dating site, the Friend Finder network, i.e. you have millions of possible connections.","Pèmèt divinò yo emisyon preferans seksyèl yo, li fasil pou fè rechèch pou yo epi yo jwenn pa moun yo dwa sou AFF, ki pasan nan sit date tout atravè rezo a Zanmi Finder - sa vle di ou te gen dè milyon de hookups yo dekouvri."
1.090196,1.0,0.99948,crawl-data/CC-MAIN-2021-43/segments/1634323588526.57/wet/CC-MAIN-20211028193601-20211028223601-00196.warc.wet.gz,http://nurshable.com/2013/10/,paracrawl9_philipp,_,Translate this sentence from eng to hat: They will climb up the towels.,Sa va fč yo leve tčt yo.
1.0587648,0.96918,0.87668,crawl-data/CC-MAIN-2020-29/segments/1593655890092.28/wet/CC-MAIN-20200706011013-20200706041013-00126.warc.wet.gz,https://agb.org/trusteeship-article/the-redeployment-challenge/,paracrawl9_hieu,_,Translate this sentence from eng to hat: The Redeployment Challenge - AGB,Repanbitip - Agob
1.068419,1.0,1.00001,crawl-data/CC-MAIN-2018-43/segments/1539583513844.48/wet/CC-MAIN-20181021094247-20181021115747-00358.warc.wet.gz,https://cb.a-bank.com.ua/p24/login?lang=en,crawl-data/CC-MAIN-2018-39/segments/1537267156252.31/wet/CC-MAIN-20180919141825-20180919161825-00033.warc.wet.gz,https://www.brainscape.com/flashcards/tutor-lesson-28-1894659/packs/928598,Translate this sentence from eng to hat: Did not receive a call?,Èske se pat yon apèl?
1.0667543,0.99948,0.97659,crawl-data/CC-MAIN-2017-13/segments/1490218190134.67/wet/CC-MAIN-20170322212950-00148-ip-10-233-31-227.ec2.internal.warc.wet.gz,http://vip-brands.com/description.php?progid=buy-cheap-Native_Instruments_Absynth_4.0.4.001_VSTi_RTAS_AU_MAC_OSX_UB-soft,crawl-data/CC-MAIN-2020-34/segments/1596439735792.85/wet/CC-MAIN-20200803083123-20200803113123-00102.warc.wet.gz,https://lewebpedagogique.com/languevivantereunionnaise/2011/11/07/egzanp-sekans-nivo-segonn-exemple-de-sequence-niveau-seconde/,Translate this sentence from eng to hat: simplifies the use of ABSYNTH 4.,Kestion pou konprann 3. travay si le sinbol Mafat 4.
1.0715504,1.00001,1.0,crawl-data/CC-MAIN-2021-10/segments/1614178370752.61/wet/CC-MAIN-20210305091526-20210305121526-00023.warc.wet.gz,https://www.nolobank.com/blog/business/how-to-register-a-company-in-india,paracrawl9_philipp,_,Translate this sentence from eng to hat: Only after three years you can change the name of your company.,Lan yon 3 MWA ankň ou kapab wč lis lan CHANJE.
1.0836669,1.00001,1.00001,crawl-data/CC-MAIN-2021-49/segments/1637964363520.30/wet/CC-MAIN-20211208175210-20211208205210-00586.warc.wet.gz,https://kronerandgamble.com/real-money-casino-games/,crawl-data/CC-MAIN-2020-16/segments/1585371609067.62/wet/CC-MAIN-20200405181743-20200405212243-00205.warc.wet.gz,https://compro.miu.edu/ht/sample-test/,Translate this sentence from eng to hat: You can use any number of rows.,Ou gen dwa sèvi ak nenpòt ki kantite ranje.
1.0572747,0.99968,1.00001,crawl-data/CC-MAIN-2017-13/segments/1490218203536.73/wet/CC-MAIN-20170322213003-00529-ip-10-233-31-227.ec2.internal.warc.wet.gz,https://www.scribd.com/document/44656769/The-Stock-Investers-Pocket-Calculator-Www-dl4all,crawl-data/CC-MAIN-2018-26/segments/1529267864958.91/wet/CC-MAIN-20180623113131-20180623133131-00424.warc.wet.gz,https://kreyol.aclufl.org/lapres/,Translate this sentence from eng to hat: Tracking indicators by moment in time is unreliable.,Afè de verifikasyon pa INS nan 30 jou-a se pa yon bagay ki reyalis.
1.0598538,1.0,1.0,crawl-data/CC-MAIN-2021-43/segments/1634323588053.38/wet/CC-MAIN-20211027022823-20211027052823-00695.warc.wet.gz,http://www.thinkjudd.com/,crawl-data/CC-MAIN-2018-39/segments/1537267157028.10/wet/CC-MAIN-20180921092215-20180921112615-00013.warc.wet.gz,http://www.ht.ljpcb.com/news/resin-film-and-materials-developed-for-stretch-8599810.html,"Translate this sentence from eng to hat: For an example, it would enable the construction of soft and stretchable electronic devices that are adaptable to various forms such as clothing and the body.","Pa ekzanp, li te di pou pèmèt konstriksyon dous ak stretchable elektwonik aparèy ki adaptab sou yon varyete fòmilè."
1.0628221,0.99714,0.65064,crawl-data/CC-MAIN-2020-05/segments/1579250613416.54/wet/CC-MAIN-20200123191130-20200123220130-00500.warc.wet.gz,http://www.jpfolks.com/forum/ubbthreads.php/topics/1137614/re-sad-blue-eyes.html,crawl-data/CC-MAIN-2021-43/segments/1634323585348.66/wet/CC-MAIN-20211020183354-20211020213354-00439.warc.wet.gz,https://mudanzasweb.es/mudanzas-las-ventas-de-retamosa-guia-100-practica/,"Translate this sentence from eng to hat: When love comes back to visit,",mudanzas Las Ventas de Retamosa
1.0702204,0.99973,1.00001,crawl-data/CC-MAIN-2021-43/segments/1634323585121.30/wet/CC-MAIN-20211017052025-20211017082025-00407.warc.wet.gz,https://amberenkirstingaantrouwen.nl/worldwide-dating-site-free.html,crawl-data/CC-MAIN-2020-34/segments/1596439738950.61/wet/CC-MAIN-20200813014639-20200813044639-00006.warc.wet.gz,https://ht.videochat.world/author/goodsite,Translate this sentence from eng to hat: Free and real dating sites - How to get a good man.,Evalyasyon nan fason ki pi bon ak kote nan konnesans: kote pou rankontre yon nonm ki bon.
1.0590736,0.99998,0.97545,crawl-data/CC-MAIN-2017-34/segments/1502886102891.30/wet/CC-MAIN-20170817032523-20170817052523-00631.warc.wet.gz,http://www.hollywood-elsewhere.com/2014/11/another-cosby-victim-comes/,crawl-data/CC-MAIN-2019-04/segments/1547583807724.75/wet/CC-MAIN-20190121193154-20190121215154-00186.warc.wet.gz,http://nationalassembly.sc/index.php/2018/10/03/verbatim-tuesday-18th-september-2018/,Translate this sentence from eng to hat: Bill Cosby deserves to be chemically castrated if not given the gas.,Letan zot ganny sanksyon si nou donn zot sanksyon.
1.0653998,0.99987,1.0,crawl-data/CC-MAIN-2019-13/segments/1552912202728.21/wet/CC-MAIN-20190323060839-20190323082839-00182.warc.wet.gz,http://orchidbo.com/info-details-junior-high-school-son-suddenly-became-a-little-hedgehog/,crawl-data/CC-MAIN-2021-39/segments/1631780057274.97/wet/CC-MAIN-20210921221605-20210922011605-00513.warc.wet.gz,http://ht.cnhailun.com/news/chemical-properties-and-application-of-p-hydroxybenzaldehyde/,"Translate this sentence from eng to hat: Therefore, performance is relatively stable.","Se konsa, pèfòmans li yo se relativman ki estab."
1.0686682,1.00001,1.00001,crawl-data/CC-MAIN-2021-43/segments/1634323587711.69/wet/CC-MAIN-20211025123123-20211025153123-00508.warc.wet.gz,https://profiles.wordpress.org/sophietaylor2240/,crawl-data/CC-MAIN-2021-25/segments/1623488556133.92/wet/CC-MAIN-20210624141035-20210624171035-00040.warc.wet.gz,https://ht.martech.zone/amazon-associates/,Translate this sentence from eng to hat: It is one of the best plugins I have ever seen.,Sa se youn nan pi bèl plugins mwen te janm wè.
1.0684164,1.00001,0.71732,crawl-data/CC-MAIN-2019-04/segments/1547583657470.23/wet/CC-MAIN-20190116113941-20190116135941-00030.warc.wet.gz,http://phaedracalliope.blogspot.com/2014/06/beast.html,crawl-data/CC-MAIN-2018-26/segments/1529267864822.44/wet/CC-MAIN-20180622220911-20180623000911-00353.warc.wet.gz,http://rechazadamarginada.blogspot.com/2013/06/lagrimas_29.html,"Translate this sentence from eng to hat: I will be swallowed whole,","Y yo me hundi,"
1.0797865,0.99992,1.0,crawl-data/CC-MAIN-2019-04/segments/1547583897417.81/wet/CC-MAIN-20190123044447-20190123070447-00263.warc.wet.gz,http://www.airsoft-squared.com/post/10166/free-smoke-packs-e-amp-l-airsoft-guns-30-off-and-more-,crawl-data/CC-MAIN-2017-34/segments/1502886103579.21/wet/CC-MAIN-20170817151157-20170817171157-00093.warc.wet.gz,http://opamusic.com/2016/02/03/trouble-boy-open-hats-t-shirt-line/,Translate this sentence from eng to hat: These will be available for purchase next week.,Yo ta dwe disponib pou achte pa semèn pwochèn.
1.0965363,0.98938,0.99995,crawl-data/CC-MAIN-2021-04/segments/1610703548716.53/wet/CC-MAIN-20210124111006-20210124141006-00673.warc.wet.gz,https://raillynews.com/haber/coronavirus/,crawl-data/CC-MAIN-2020-24/segments/1590347401260.16/wet/CC-MAIN-20200529023731-20200529053731-00309.warc.wet.gz,https://ht.rayhaber.com/2020/05/05/,Translate this sentence from eng to hat: Izmir Metropolitan Municipality's maskematics application made it easy for citizens to access medical masks free of charge.,Aplikasyon an maskematik nan minisipalite a Izmir Metwopoliten fasilite aksè a gratis nan sitwayen yo nan mask medikal la.
1.0651393,0.99999,0.99989,paracrawl20211101,_,paracrawl9_wide00006,_,Translate this sentence from eng to hat: If it's only in the far harbour,"Hugo, Sèlman nan gwo fò won an"
1.0579202,1.0,1.00001,crawl-data/CC-MAIN-2021-31/segments/1627046151563.91/wet/CC-MAIN-20210725014052-20210725044052-00106.warc.wet.gz,https://www.marinefarm.co.uk/terms-and-conditions,crawl-data/CC-MAIN-2020-34/segments/1596439738960.69/wet/CC-MAIN-20200813043927-20200813073927-00101.warc.wet.gz,https://ht.bombaysunset.com/collections/necklaces/products/make-your-own-gemstone-choker-necklace,Translate this sentence from eng to hat: Products are to be returned in perfect condition to us.,Tanpri note ke atik la dwe retounen nan nou nan yon kondisyon ki pafè.
1.1037674,0.99964,1.00001,crawl-data/CC-MAIN-2021-39/segments/1631780053493.41/wet/CC-MAIN-20210916094919-20210916124919-00084.warc.wet.gz,http://www.pilotspost.com/arn0002538,crawl-data/CC-MAIN-2021-43/segments/1634323585460.87/wet/CC-MAIN-20211022052742-20211022082742-00377.warc.wet.gz,https://ht.eturbonews.com/3001541/vaksinasyon-Covid-19-kounye-a-obligatwa-pou-tout-anplwaye-l%C3%A8-Kanada/,"Translate this sentence from eng to hat: Under the mandatory vaccination policy, testing will not be offered as an alternative.","Dapre règleman vaksinasyon obligatwa, tès yo pa pral ofri kòm yon altènativ."
1.058434,0.98394,0.6642,crawl-data/CC-MAIN-2021-39/segments/1631780056572.96/wet/CC-MAIN-20210918184640-20210918214640-00283.warc.wet.gz,https://www.joebaugher.com/usaf_serials/Captured_Axis_Aircraft.html,paracrawl9_wide00016,_,Translate this sentence from eng to hat: it was Charles Lindbergh.,Ki te Charles Lindberg?
1.0589844,0.99973,1.00001,crawl-data/CC-MAIN-2018-34/segments/1534221211185.57/wet/CC-MAIN-20180816211126-20180816231126-00481.warc.wet.gz,http://www.manufacturer.com/black-garlic-extract-products-p7039265,crawl-data/CC-MAIN-2020-05/segments/1579250609478.50/wet/CC-MAIN-20200123071220-20200123100220-00316.warc.wet.gz,http://m.ht.fzbiotech.com/garlic-oil-garlic-essential-oil,Translate this sentence from eng to hat: 8.Helps increase the body's ability to handle the digestion of meat and fats.,Èd ogmante kapasite kò a nan okipe dijesyon nan vyann ak grès.
1.0763986,1.0,0.99669,crawl-data/CC-MAIN-2021-04/segments/1610703530835.37/wet/CC-MAIN-20210122144404-20210122174404-00100.warc.wet.gz,http://alienexpanse.com/index.php?threads/i-want-to-argue-politics.526/,crawl-data/CC-MAIN-2021-25/segments/1623488552937.93/wet/CC-MAIN-20210624075940-20210624105940-00202.warc.wet.gz,https://ht.martech.zone/wordze-keyword-research-tool/,Translate this sentence from eng to hat: This is a parody post.,sa a is yon Post patwone.
1.0631175,1.00001,1.00001,crawl-data/CC-MAIN-2017-34/segments/1502886104634.14/wet/CC-MAIN-20170818102246-20170818122246-00368.warc.wet.gz,http://redheadedpatti.com/2015/08/26/9-fun-facts-about-the-human-skeleton/,paracrawl9_wide00016,_,Translate this sentence from eng to hat: Babies are born with around 300 bones.,Ti bebe yo ki fèt ak apepwè 300 tout zo nan kò.
1.0854709,1.0,1.00001,crawl-data/CC-MAIN-2019-47/segments/1573496664469.42/wet/CC-MAIN-20191112001515-20191112025515-00166.warc.wet.gz,http://www.hedabovewater.com/2011/01/push-to-50.html?showComment=1294166523761,paracrawl9_philipp,_,Translate this sentence from eng to hat: I hope you get to 50.,"Sčlman, mwen swete nou pa rive lan 50."
1.060318,1.00001,1.00001,crawl-data/CC-MAIN-2018-22/segments/1526794864466.23/wet/CC-MAIN-20180521181133-20180521201133-00100.warc.wet.gz,https://readwriterespond.com/2017/09/my-way-or-the-highway/,crawl-data/CC-MAIN-2021-25/segments/1623487626465.55/wet/CC-MAIN-20210617011001-20210617041001-00222.warc.wet.gz,https://iocp.potomitan.info/ayiti/itilizasyon.htm,Translate this sentence from eng to hat: Sadly that is not the case in every school.,"Kòm mwen t ap di w, sa pa pase konsa vre nan tout lekòl."
1.0615249,0.99898,0.67805,crawl-data/CC-MAIN-2021-21/segments/1620243991921.61/wet/CC-MAIN-20210516232554-20210517022554-00317.warc.wet.gz,https://www.tcup.pl/forum/showthread.php?tid=3114&pid=6862,crawl-data/CC-MAIN-2019-39/segments/1568514573052.26/wet/CC-MAIN-20190917040727-20190917062727-00150.warc.wet.gz,https://ht.termotools.com/internet-explorer/,Translate this sentence from eng to hat: Step by step.,Etap pa etap.
1.0722822,0.98483,0.98791,crawl-data/CC-MAIN-2017-17/segments/1492917120878.96/wet/CC-MAIN-20170423031200-00153-ip-10-145-167-34.ec2.internal.warc.wet.gz,https://www.scribd.com/document/16182021/Abrahamic-Religions,crawl-data/CC-MAIN-2021-49/segments/1637964363125.46/wet/CC-MAIN-20211204215252-20211205005252-00497.warc.wet.gz,https://ht.everaoh.com/category/style-leson/,Translate this sentence from eng to hat: The Dress Code for Muslims,Rad pou Mizilman
1.1025333,0.98338,0.94171,crawl-data/CC-MAIN-2019-51/segments/1575540487789.39/wet/CC-MAIN-20191206095914-20191206123914-00557.warc.wet.gz,https://de.scribd.com/document/35316264/185290-Urban-History-5-Chapters,crawl-data/CC-MAIN-2021-49/segments/1637964359065.88/wet/CC-MAIN-20211130171559-20211130201559-00264.warc.wet.gz,https://ht.wikipedia.org/wiki/Infection,Translate this sentence from eng to hat: Changes in Agriculture.,Chanjman nan agrikilti.
1.0565785,0.99115,0.99961,crawl-data/CC-MAIN-2017-04/segments/1484560281450.93/wet/CC-MAIN-20170116095121-00561-ip-10-171-10-70.ec2.internal.warc.wet.gz,http://healthtools.aarp.org/health/wernicke-korsakoff-syndrome,paracrawl9_philipp,_,Translate this sentence from eng to hat: produces a negative reaction.,ta pwovoke reyaksyon negatif.
1.0685866,0.99982,1.00001,crawl-data/CC-MAIN-2017-43/segments/1508187820930.11/wet/CC-MAIN-20171017072323-20171017092323-00241.warc.wet.gz,http://westmichiganchristian.com/newsletter/newsletter-archive/archive/view/listid-1-mailing-list/mailid-98-lifestyle-choices-30-october-2012/tmpl-component.html,crawl-data/CC-MAIN-2018-13/segments/1521257647706.69/wet/CC-MAIN-20180321215410-20180321235410-00212.warc.wet.gz,https://www.jw.org/ht/piblikasyon-yo/peryodik/w20150415/ansyen-f%C3%B2me-l%C3%B2t-moun-vin-kalifye/,Translate this sentence from eng to hat: Book available to make it easier to read the Bible in one year,Ankouraje moun w ap fòme a pou l li Bib la nan ennan yon fason pou l vin pi djanm nan domèn espirityèl.
1.0578322,0.99948,0.97286,crawl-data/CC-MAIN-2019-26/segments/1560627999740.32/wet/CC-MAIN-20190624211359-20190624233359-00145.warc.wet.gz,https://plus4chan.org/boards/coq/res/45777.html,crawl-data/CC-MAIN-2019-09/segments/1550247489282.7/wet/CC-MAIN-20190219000551-20190219022551-00504.warc.wet.gz,http://ayitimusic.com/nwel-trap-real-james-ft-mada-mada-x-bonitho-pifoayiti-music/,"Translate this sentence from eng to hat: And o-kay, that hand shouldn't be doing that there.",T-Do Aya - Lavi Ou Pa Ta Fèl Sa [AyitiMusic]
1.0620282,0.9994,0.99812,crawl-data/CC-MAIN-2019-51/segments/1575540496492.8/wet/CC-MAIN-20191207055244-20191207083244-00535.warc.wet.gz,https://www.stilt.com/blog/2019/08/f4-visa/,crawl-data/CC-MAIN-2017-04/segments/1484560285337.76/wet/CC-MAIN-20170116095125-00098-ip-10-171-10-70.ec2.internal.warc.wet.gz,https://socialfeed.info/feed/haiti/society/photo,"Translate this sentence from eng to hat: However, once granted, this visa will remain valid until the expiration date provided on the visa.","Si yo baw viza a, l'ap valab jiskaske paspò a ekspire."
1.0599161,0.99928,0.78742,crawl-data/CC-MAIN-2020-24/segments/1590347419056.73/wet/CC-MAIN-20200601145025-20200601175025-00364.warc.wet.gz,https://www.alpenwild.com/staticpage/why-youll-love-the-alps/,crawl-data/CC-MAIN-2019-22/segments/1558232260358.69/wet/CC-MAIN-20190527005538-20190527031538-00058.warc.wet.gz,http://cdn.cs50.net/2014/fall/lectures/9/w/lang/ht/week9w.txt?highlight,Translate this sentence from eng to hat: In the Dolomites it's Italian - with a Swiss attention to detail.,"Sa a se Tipografi, sa a se italics-- ki sòt de detay."
1.0602815,0.99995,1.00001,crawl-data/CC-MAIN-2021-10/segments/1614178373095.44/wet/CC-MAIN-20210305152710-20210305182710-00153.warc.wet.gz,https://www.chicagotribune.com/opinion/editorials/ct-editorial-lori-lightfoot-tif-reform-20190624-rjpifkwvtrcplnhin6uzc3gyje-story.html,crawl-data/CC-MAIN-2019-39/segments/1568514573258.74/wet/CC-MAIN-20190918065330-20190918091330-00514.warc.wet.gz,https://fr.scribd.com/document/392895888/Lide-Anvan-Lide,Translate this sentence from eng to hat: The city can't afford to be a participant in every new project that comes to town.,egziste yo pa ka rive resevwa tout nouvo moun sa yo ki prale vini abite lavil.
1.0825112,0.99958,1.00001,crawl-data/CC-MAIN-2019-04/segments/1547583826240.93/wet/CC-MAIN-20190122034213-20190122060213-00466.warc.wet.gz,https://icanhazkhilafah.com/restore-khilafah-now/?shared=email&msg=fail,crawl-data/CC-MAIN-2021-31/segments/1627046154089.68/wet/CC-MAIN-20210731141123-20210731171123-00136.warc.wet.gz,http://ht.lfcentury.com/news/tips-for-christmas-2020/,Translate this sentence from eng to hat: No one escapes the seasons of history.,Pa gen moun ki gen sezon fèt yo espere.
1.0718552,0.95385,0.99813,crawl-data/CC-MAIN-2019-09/segments/1550247511573.67/wet/CC-MAIN-20190221233437-20190222015437-00447.warc.wet.gz,https://www.postpoems.org/authors/diamond_wills_new_war/poem/1052713,crawl-data/CC-MAIN-2020-40/segments/1600400212959.12/wet/CC-MAIN-20200923211300-20200924001300-00660.warc.wet.gz,https://www.wikimizik.com/lyrics?song=605/T-Vice-Pedale-Konpa,"Translate this sentence from eng to hat: Pretending won't do,","Yo di konpa sa a pap mache,"
1.0678555,0.99427,1.00001,crawl-data/CC-MAIN-2017-04/segments/1484560280718.7/wet/CC-MAIN-20170116095120-00488-ip-10-171-10-70.ec2.internal.warc.wet.gz,https://www.easywebshop.com/doc/order-management,crawl-data/CC-MAIN-2021-21/segments/1620243991553.4/wet/CC-MAIN-20210510235021-20210511025021-00372.warc.wet.gz,https://blog.monkata.com/2020/04/08/vann-a-distans-an-ayiti/,Translate this sentence from eng to hat: A customer places an order.,Le yon kliyan fè yon komand.
1.0668359,1.00001,1.0,crawl-data/CC-MAIN-2018-26/segments/1529267865181.83/wet/CC-MAIN-20180623190945-20180623210945-00357.warc.wet.gz,http://goosegreen.blogspot.com/,crawl-data/CC-MAIN-2018-30/segments/1531676592387.80/wet/CC-MAIN-20180721051500-20180721071500-00588.warc.wet.gz,http://haiticheriemaguym.blogspot.com/2011_10_09_archive.html,Translate this sentence from eng to hat: The names have been altered,Yo chanje non m
1.1112157,0.99913,1.00001,paracrawl20211101,_,crawl-data/CC-MAIN-2021-43/segments/1634323585671.36/wet/CC-MAIN-20211023095849-20211023125849-00492.warc.wet.gz,https://www.saveatrain.com/blog/ht/europe-train-route-maps-guide/,"Translate this sentence from eng to hat: Two of Italy's top cities, Florence and Rome are home to hundreds of tourist attractions for every kind of visitor.","De nan tèt lavil peyi Itali a, Florence ak lavil Wòm se lakay yo nan dè santèn de atraksyon touris pou tout kalite vizitè."
1.0653672,0.99996,0.99955,paracrawl20211101,_,paracrawl9_philipp,_,"Translate this sentence from eng to hat: [niv] ""Say to them: 'This is what the LORD, the God of Israel, says: Every wineskin should be filled with wine.'","¶ W'a di yo pawoli sa a: Men sa Seyč a, Bondye pčp Izrayčl la, di: Potich diven fčt pou mete diven ladan l'."
1.086726,1.0,1.00001,crawl-data/CC-MAIN-2019-04/segments/1547583792784.64/wet/CC-MAIN-20190121131658-20190121153658-00357.warc.wet.gz,http://www.brvision.com/camera/car-cameras/br-mnc04-mini-square-car-camera.html,paracrawl9_philipp,_,Translate this sentence from eng to hat: The casing of the camera has a IP69K rating which can withstand all weather conditions.,Bwat la nan kamera a gen yon Rating IP69K ki ka kenbe tèt ak tout kondisyon metewolojik.
1.060618,1.00001,1.00001,crawl-data/CC-MAIN-2018-43/segments/1539583516194.98/wet/CC-MAIN-20181023132213-20181023153713-00101.warc.wet.gz,https://www.trulia.com/profile/navigator-northwest-agent-spokane-wa-zgf0tv4n/overview,crawl-data/CC-MAIN-2021-49/segments/1637964363301.3/wet/CC-MAIN-20211206133552-20211206163552-00398.warc.wet.gz,https://omg-solutions.com/ht/spy-camera/more-companies-are-using-technology-to-monitor-employees/,Translate this sentence from eng to hat: It was a successful and positive experience.,Li te yon eksperyans apwopriye ak pozitif.
1.0619118,0.99997,1.00001,crawl-data/CC-MAIN-2017-34/segments/1502886126027.91/wet/CC-MAIN-20170824024147-20170824044147-00002.warc.wet.gz,http://obrien-blue.livejournal.com/47204.html,paracrawl9_philipp,_,"Translate this sentence from eng to hat: I have, to this point, been THOROUGHLY entertained by HH and his minions, so I trust them.","Pou yon ti peyi kou ayiti, mwen kwe m wč twňp,"
1.0573436,0.99659,0.9993,crawl-data/CC-MAIN-2018-09/segments/1518891813803.28/wet/CC-MAIN-20180221202619-20180221222619-00418.warc.wet.gz,http://newenglandballproject.com/g0/p599.htm,crawl-data/CC-MAIN-2019-26/segments/1560627999218.7/wet/CC-MAIN-20190620125520-20190620151520-00255.warc.wet.gz,http://prevalhaiti.com/messages/2323,"Translate this sentence from eng to hat: MA, with parents, etc.",ak manman yo etc.
1.0605893,0.99991,1.00001,crawl-data/CC-MAIN-2020-29/segments/1593657151761.87/wet/CC-MAIN-20200714212401-20200715002401-00047.warc.wet.gz,http://pc-masters-group.ru/item/summer-sweet-two-pieces-set.html,paracrawl9_philipp,_,Translate this sentence from eng to hat: It's time to unleash your love for her music.,Se lè pou  madan marye a tonbe damou pou Rwa li.
1.071733,0.99436,1.00001,crawl-data/CC-MAIN-2021-39/segments/1631780056856.4/wet/CC-MAIN-20210919095911-20210919125911-00573.warc.wet.gz,https://chinesefoodfestivalla.com/casino-games-online/fortnite-wagers.php,paracrawl9_wide00016,_,Translate this sentence from eng to hat: How to Sign Up and.,Kijan pou yo ekri yon Et?
1.0566279,0.99882,1.0,crawl-data/CC-MAIN-2021-25/segments/1623487600396.21/wet/CC-MAIN-20210613041713-20210613071713-00541.warc.wet.gz,http://nscontent.news-sentinel.com/?q=blog/post/201201/bus-trip,crawl-data/CC-MAIN-2020-34/segments/1596439738555.33/wet/CC-MAIN-20200809132747-20200809162747-00267.warc.wet.gz,http://newsrule.com/ht/nine-frustrating-mistakes-video-game-players-make/,"Translate this sentence from eng to hat: Yeah, yeah, they're all atheists until about 5 seconds before the car hits the bridge abutment, then suddenly it's ""Oh God Help Me....""","""Yeah, li pral amann apwòch sa a vire épingl nan 115mph Lè sa a, frape fren an jis anvan APEX la, sa ki ta pètèt ale ... o Bondye, machin mwen an se yon ekri-off. """
1.0698872,1.00001,1.00001,crawl-data/CC-MAIN-2021-49/segments/1637964362969.51/wet/CC-MAIN-20211204094103-20211204124103-00253.warc.wet.gz,https://rachel-griffith.blogspot.com/2009/,crawl-data/CC-MAIN-2021-31/segments/1627046154385.24/wet/CC-MAIN-20210802203434-20210802233434-00330.warc.wet.gz,https://ht.martech.zone/social-media-rules/,Translate this sentence from eng to hat: i want to hear them.,Mwen vle koute yo.
1.0736753,0.99997,1.00001,crawl-data/CC-MAIN-2017-09/segments/1487501170651.78/wet/CC-MAIN-20170219104610-00610-ip-10-171-10-108.ec2.internal.warc.wet.gz,https://www.mysuncoast.com/users/profile/bettyk/,paracrawl9_wide00016,_,Translate this sentence from eng to hat: Your reporting seems to be slanted towards the killing.,Fot jwèt la sanble se konsa Furby ale sou atak la.
1.0576241,0.98312,1.00001,crawl-data/CC-MAIN-2019-43/segments/1570986664662.15/wet/CC-MAIN-20191016041344-20191016064844-00421.warc.wet.gz,https://www.calguns.net/calgunforum/showthread.php?s=95a8f3cad69049dfafeb1c1900d27e30&p=23417495,crawl-data/CC-MAIN-2019-39/segments/1568514573184.25/wet/CC-MAIN-20190918044831-20190918070831-00372.warc.wet.gz,https://2fish.co/ht/bible/epistles/romans/,Translate this sentence from eng to hat: For I don't carry a sword for no reason.,"Paske, se pa san yo pa rezon ki fè ke li pote yon nepe."
1.0715652,0.99545,0.99979,crawl-data/CC-MAIN-2019-47/segments/1573496670770.21/wet/CC-MAIN-20191121101711-20191121125711-00243.warc.wet.gz,http://m.huafansmart.com/2014-type-gas-detector/new-single-point-wall-mounted-gas-detector/lcd-fixed-co-gas-alarming-detector-for-gas.html,paracrawl9_philipp,_,"Translate this sentence from eng to hat: International standard 4-20mA signal output, can be directly connected into the factory DCS system (optional); RS485 digital signal can be connected with factory's principle computer (optional).","Entènasyonal estanda 4-20mA pwodiksyon siyal, yo ka dirèkteman konekte nan faktori DCS sistèm lan (si ou vle); RS485 siyal dijital ka konekte ak òdinatè prensip faktori a (si ou vle)."
1.100213,1.00001,1.00001,crawl-data/CC-MAIN-2021-31/segments/1627046150067.51/wet/CC-MAIN-20210723210216-20210724000216-00131.warc.wet.gz,https://www.therugshopuk.co.uk/light-beige-0903-glasgow-opus-luxury-shaggy-rug-sr0903-10106.html,crawl-data/CC-MAIN-2018-39/segments/1537267160842.79/wet/CC-MAIN-20180924224739-20180925005139-00368.warc.wet.gz,http://www.ht.acp-supplier.com/info/2017latestpvdfpre-painteda-21690742.html,Translate this sentence from eng to hat: (other colours are also available), (Lòt koulè espesyal yo tou disponib)
1.067759,1.00001,1.00001,crawl-data/CC-MAIN-2018-39/segments/1537267155561.35/wet/CC-MAIN-20180918150229-20180918170229-00115.warc.wet.gz,https://www.healthguidance.org/entry/17919/1/Are-You-in-a-Toxic-Friendship-The-Warning-Signs-Your-Friend-Is-Ruining-Your-Life.html,paracrawl9_philipp,_,Translate this sentence from eng to hat: These are the people who drag you down.,Se moun lňt nasyon yo k'ap touye ou.
1.0595818,0.99977,0.52294,crawl-data/CC-MAIN-2019-47/segments/1573496668954.85/wet/CC-MAIN-20191117115233-20191117143233-00256.warc.wet.gz,https://fabiosa.com/ctclb-rsvlk-auvkl-pbolk-phnkz-look-who-s-back-kate-middleton-debuts-in-surprisingly-casual-look-with-new-hairstyle-at-her-first-post-baby-event/,crawl-data/CC-MAIN-2019-30/segments/1563195526489.6/wet/CC-MAIN-20190720070937-20190720092937-00400.warc.wet.gz,https://ht.stylefashionwomen.com/kate-middleton-is-our-look-of-day-10938,Translate this sentence from eng to hat: Kate Middleton is back in the spotlight.,"Sa a, Kate Middleton se tounen."
1.0829941,0.99986,1.00001,crawl-data/CC-MAIN-2018-30/segments/1531676591718.31/wet/CC-MAIN-20180720154756-20180720174756-00325.warc.wet.gz,http://www.gentileassembly.org/docs/East%20Wind%20Destroys%20Evil.htm,crawl-data/CC-MAIN-2018-05/segments/1516084887024.1/wet/CC-MAIN-20180117232418-20180118012418-00389.warc.wet.gz,http://spiritualwarfare.jesuswork.org/online-bible-haitian-creole/psalms_11.html,Translate this sentence from eng to hat: Ps 11: 2... but the wicked send their arrows on the upright.,"PS 11:2 paske mechan yo pare banza yo, y'ap vize ak flèch yo pou yo tire nan fènwa sou moun k'ap mache dwat yo?"
1.0679833,1.00001,1.00001,crawl-data/CC-MAIN-2017-13/segments/1490218191405.12/wet/CC-MAIN-20170322212951-00613-ip-10-233-31-227.ec2.internal.warc.wet.gz,https://www.scribd.com/document/95922264/Alpha-Manifesto,crawl-data/CC-MAIN-2021-25/segments/1623487616657.20/wet/CC-MAIN-20210615022806-20210615052806-00574.warc.wet.gz,https://ht.martech.zone/problogger-advise-blogging-mistakes/,Translate this sentence from eng to hat: I want you forget you saw this book.,Bliye sou liv li a ou te wè sa a blog mesye.
1.0899311,0.99289,0.99186,crawl-data/CC-MAIN-2021-49/segments/1637964358591.95/wet/CC-MAIN-20211128194436-20211128224436-00551.warc.wet.gz,https://realtyww.info/blog/category/real-estate-advertising/,crawl-data/CC-MAIN-2019-51/segments/1575540531917.10/wet/CC-MAIN-20191211131640-20191211155640-00185.warc.wet.gz,https://ht.realtyww.info/blog/category/real-estate-advertising/,"Translate this sentence from eng to hat: Posted on February 7, 2019 by Mike Haynes","Moun ki afiche sou Fevriye 7, 2019 by Mike Haynes"
1.061835,0.99999,1.00001,crawl-data/CC-MAIN-2021-25/segments/1623487611320.18/wet/CC-MAIN-20210614013350-20210614043350-00500.warc.wet.gz,https://www.yumpu.com/en/document/view/55510541/indian-newslink-may-15-2016-digital-edition,crawl-data/CC-MAIN-2018-47/segments/1542039742666.36/wet/CC-MAIN-20181115095814-20181115121814-00430.warc.wet.gz,https://www.brainscape.com/flashcards/tutor-lesson-19-1606059/packs/928598,Translate this sentence from eng to hat: A few weeks ago a group of school children,"Semèn dènyen, te gen timoun ki tap ititlize yo"
1.0675532,0.985,0.99008,crawl-data/CC-MAIN-2017-04/segments/1484560281426.63/wet/CC-MAIN-20170116095121-00115-ip-10-171-10-70.ec2.internal.warc.wet.gz,https://issuu.com/healthycells/docs/0311-peoria-hc-web,crawl-data/CC-MAIN-2020-29/segments/1593655898347.42/wet/CC-MAIN-20200709034306-20200709064306-00110.warc.wet.gz,https://www.dr-adem.com/ht/adrenokortik/,Translate this sentence from eng to hat: Hereditary nonpolyposis colon cancer (HNPCC) is the,Ereditè nonpolyposis kansè nan kolon (HNPC)
1.0734539,0.9772,0.99676,crawl-data/CC-MAIN-2019-43/segments/1570986658566.9/wet/CC-MAIN-20191015104838-20191015132338-00144.warc.wet.gz,https://news.creativecow.net/story/894868,crawl-data/CC-MAIN-2018-47/segments/1542039742793.19/wet/CC-MAIN-20181115161834-20181115183834-00300.warc.wet.gz,https://ht.broadcastbeat.com/technicolor-postworks-ben-murray-mennen-yon-pan%C3%A8l-sou-distribisyon-nan-doc-nyc/,"Translate this sentence from eng to hat: The Sentence (editorial conforming, color grading and deliverables).","Sentence la (editoryal konfòme, klasman koulè ak delivre)."
1.0798117,0.99524,0.69327,crawl-data/CC-MAIN-2020-40/segments/1600401632671.79/wet/CC-MAIN-20200929060555-20200929090555-00131.warc.wet.gz,http://michaeldouglascooper.blogspot.com/2010/,paracrawl9_philipp,_,"Translate this sentence from eng to hat: Judy: Katina, the show must go on!","Julien, kanaval la dwe fet kanmenm !"
1.0648625,0.98758,1.00001,crawl-data/CC-MAIN-2017-34/segments/1502886102993.24/wet/CC-MAIN-20170817073135-20170817093135-00305.warc.wet.gz,http://rift.zam.com/forum.html?mid=1311709972175897119&forum=222&howmany=50,crawl-data/CC-MAIN-2021-31/segments/1627046154432.2/wet/CC-MAIN-20210803061431-20210803091431-00177.warc.wet.gz,https://ht.martech.zone/seriously-why-are-you/,Translate this sentence from eng to hat: Why Do You Ask For a Resume?,Poukisa w ap travay sou yon rezime?
1.0622128,0.99949,0.98821,paracrawl20211101,_,crawl-data/CC-MAIN-2018-47/segments/1542039746301.92/wet/CC-MAIN-20181120071442-20181120093442-00191.warc.wet.gz,http://business.global-article.ws/ht/tag/financial,Translate this sentence from eng to hat: The best time to fer...,Pi bon moman pou mache...
1.0570565,1.0,1.00001,crawl-data/CC-MAIN-2018-30/segments/1531676589573.27/wet/CC-MAIN-20180717051134-20180717071134-00148.warc.wet.gz,http://hbfm.blogspot.com/2012/,paracrawl9_wide00016,_,Translate this sentence from eng to hat: the reason I won't live,A cause de nou mwen pa vle viv
1.0688939,1.0,1.00001,crawl-data/CC-MAIN-2018-05/segments/1516084889660.55/wet/CC-MAIN-20180120142458-20180120162458-00780.warc.wet.gz,http://www.the-chicken-chick.com/2013/01/chicken-dust-baths-ultimate-spa.html,crawl-data/CC-MAIN-2018-22/segments/1526794868248.78/wet/CC-MAIN-20180527111631-20180527131631-00216.warc.wet.gz,http://ibankcoin.com/option_addict/2017/09/06/dgld-is-green-i-have-charts-toooo/,Translate this sentence from eng to hat: They come into my yard and try to eat my girl's food.,Isit la nan yon kiyè pou ou ka manje manman bourik mwen an.
1.0859811,0.99997,1.00001,crawl-data/CC-MAIN-2017-17/segments/1492917121355.9/wet/CC-MAIN-20170423031201-00350-ip-10-145-167-34.ec2.internal.warc.wet.gz,http://naplesshelter.org/help-for-a-friend/,crawl-data/CC-MAIN-2017-47/segments/1510934804518.38/wet/CC-MAIN-20171118021803-20171118041803-00292.warc.wet.gz,http://naplesshelter.org/ed-pou-yon-zanmi/,"Translate this sentence from eng to hat: Some intimate partner violence victims do not consider themselves abused because they have not been physically beaten and most will not offer up the fact that they are being abused whether their abuse is physical, verbal, sexual, financial and/or emotional.","Gen kèk moun viktim vyolans domestik min ki pa janm konsidere tèt yo kòm viktim abi paske yo pa fizikman abize epi genyen ki pap janm montre ke yo ap abize minm ke yap pran baton oubyen soufri abi vèbal, seksyèl, finansye ak / oswa emosyonèl."
1.0588927,0.99825,0.99679,crawl-data/CC-MAIN-2019-26/segments/1560627998291.9/wet/CC-MAIN-20190616182800-20190616204800-00221.warc.wet.gz,https://ja.scribd.com/document/384374787/Matrimony-IPO,crawl-data/CC-MAIN-2019-30/segments/1563195525793.19/wet/CC-MAIN-20190718190635-20190718212635-00219.warc.wet.gz,https://ufdc.ufl.edu/UF00098809/00294,"Translate this sentence from eng to hat: Allocation Price, in accordance with the SEBI Regulations.",resevwa pri yo selon regleman tiraj Ia.
1.0631641,0.99995,1.00001,crawl-data/CC-MAIN-2021-43/segments/1634323585537.28/wet/CC-MAIN-20211023002852-20211023032852-00101.warc.wet.gz,https://www.askiitians.com/forums/Thermal-Physics/a-barometer-is-faulty-when-the-true-barometer-rea_66033.htm,crawl-data/CC-MAIN-2019-18/segments/1555578528058.3/wet/CC-MAIN-20190419201105-20190419223105-00288.warc.wet.gz,http://soyuznick.ru/video/an'n-dekouvri,Translate this sentence from eng to hat: When the true...,Lè yon verite ...
1.0615306,0.99822,1.00001,crawl-data/CC-MAIN-2021-25/segments/1623487655418.58/wet/CC-MAIN-20210620024206-20210620054206-00334.warc.wet.gz,https://hoodline.com/2016/06/they-re-here-they-re-queer-but-can-they-stay-the-state-of-youth-lgbtq-housing-in-san-francisco/,paracrawl9_philipp,_,Translate this sentence from eng to hat: Forty-eight percent of homeless youth in San Francisco identify as LGBTQ.,Genyen 48% moun ki pa konn li nan ti peyi nou-an.
1.0954901,0.99542,0.54734,crawl-data/CC-MAIN-2020-10/segments/1581875141653.66/wet/CC-MAIN-20200217030027-20200217060027-00206.warc.wet.gz,https://www.nalanisarina.com/product-page/lessons-learned-full-length-cd,crawl-data/CC-MAIN-2021-43/segments/1634323585348.66/wet/CC-MAIN-20211020183354-20211020213354-00364.warc.wet.gz,https://galettenoire.fr/a329-la-compagnie-creole,Translate this sentence from eng to hat: Please Don't Stop the Rain [ 4:00 ],Pa Kite Moin (4:00)
1.0743744,0.99903,0.99993,crawl-data/CC-MAIN-2021-10/segments/1614178370239.72/wet/CC-MAIN-20210305060756-20210305090756-00351.warc.wet.gz,https://evroazija.info/figuring-out-12/,crawl-data/CC-MAIN-2019-35/segments/1566027317847.79/wet/CC-MAIN-20190823041746-20190823063746-00374.warc.wet.gz,https://lifespeaker.ru/ht/kak-podobrat-ljustru-v-stile-haj-tek.html,Translate this sentence from eng to hat: Look for a comfortable working space.,Kreye yon zòn travay konfòtab.
1.0601228,1.0,0.99965,crawl-data/CC-MAIN-2017-17/segments/1492917118713.1/wet/CC-MAIN-20170423031158-00192-ip-10-145-167-34.ec2.internal.warc.wet.gz,https://issuu.com/gytimes/docs/final_0e0949baf81694,paracrawl9_wide00006,_,"Translate this sentence from eng to hat: friend's house, they left",Non jwèt!Pope kay te pati
1.0589004,0.99939,0.95114,crawl-data/CC-MAIN-2018-39/segments/1537267157574.27/wet/CC-MAIN-20180921225800-20180922010200-00181.warc.wet.gz,https://www.camlive.com/cam/princessCHINITA/?over18=true,crawl-data/CC-MAIN-2021-43/segments/1634323585916.29/wet/CC-MAIN-20211024081003-20211024111003-00612.warc.wet.gz,https://www.forumhaiti.com/t8488-les-paroles-de-jean-dominique,Translate this sentence from eng to hat: Thank you so much-Jeff,"Mèsi anpil,anpil JAF"
1.068964,0.99983,0.99999,crawl-data/CC-MAIN-2020-45/segments/1603107872746.20/wet/CC-MAIN-20201020134010-20201020164010-00099.warc.wet.gz,https://www.fibre2fashion.com/news/textile-news/newsdetails.aspx?news_id=76869,crawl-data/CC-MAIN-2019-04/segments/1547584445118.99/wet/CC-MAIN-20190124014810-20190124040810-00446.warc.wet.gz,http://ht.101-prototype-de.com/news/china-s-security-equipment-prototype-industry-10988467.html,Translate this sentence from eng to hat: China's textile industry has been seriously impacted by the global financial crisis over the past year.,"Nan dènye ane yo, antrepwiz Sekirite Sosyal Pwototip Lachin nan yo te frape pa kriz mondyal la finansye degre varye."
1.0594093,0.99984,1.0,crawl-data/CC-MAIN-2021-17/segments/1618039476006.77/wet/CC-MAIN-20210420152755-20210420182755-00501.warc.wet.gz,https://thecookwareexpert.com/mainstays-20-inch-griddle-review/,paracrawl9_philipp,_,"Translate this sentence from eng to hat: Hopefully, we have helped make your decision-making process a little less difficult.",Mwen espere ke li fasilite pwosesis lame ou chwazi yon ti kras.
1.0587298,0.99772,0.99994,crawl-data/CC-MAIN-2017-51/segments/1512948616132.89/wet/CC-MAIN-20171218122309-20171218144309-00357.warc.wet.gz,http://www.exilemod.com/topic/10272-my-truck-just-gone-nowhere/,crawl-data/CC-MAIN-2017-34/segments/1502886104612.83/wet/CC-MAIN-20170818063421-20170818083421-00325.warc.wet.gz,http://nationalassembly.sc/index.php/2017/01/06/verbatim-friday-6th-january-2017/,Translate this sentence from eng to hat: We do not host any servers.,Nou pa pou al okenn Server okenn dimoun.
1.070834,0.99907,1.00001,crawl-data/CC-MAIN-2021-10/segments/1614178376467.86/wet/CC-MAIN-20210307105633-20210307135633-00029.warc.wet.gz,https://wymmediamanagement.com/ladies-wants-sex-tonight-ia-lawler-52154.html,crawl-data/CC-MAIN-2020-50/segments/1606141692985.63/wet/CC-MAIN-20201202052413-20201202082413-00533.warc.wet.gz,http://www.belpolitik.com/messages/30299,Translate this sentence from eng to hat: I am a non-smoker seeking the .,Mwen se yon mounn ki pa cheche sa mounn te di nan...
1.0577488,0.99937,0.99955,crawl-data/CC-MAIN-2018-26/segments/1529267865145.53/wet/CC-MAIN-20180623171526-20180623191526-00235.warc.wet.gz,http://brooksfqcmy.blog2learn.com/11545541/the-fact-about-mirro-and-glass-repair-arlington-va-that-no-one-is-suggesting,crawl-data/CC-MAIN-2019-30/segments/1563195525634.13/wet/CC-MAIN-20190718125048-20190718151048-00315.warc.wet.gz,http://cdn.cs50.net/2014/fall/sections/6/lang/ht/section6.txt?highlight,Translate this sentence from eng to hat: So Don't be concerned too much.,"Se konsa, pa enkyete twòp sou li."
1.075711,0.99995,1.00001,crawl-data/CC-MAIN-2021-49/segments/1637964358480.10/wet/CC-MAIN-20211128073830-20211128103830-00308.warc.wet.gz,https://acw.onlinetrulia.pw/qualcomm-mbn-file-format.html,crawl-data/CC-MAIN-2019-04/segments/1547583755653.69/wet/CC-MAIN-20190121025613-20190121051613-00292.warc.wet.gz,http://ht.sinosolarcharger.com/foldable-solar-charger/portable-solar-charger/12v-portable-solar-panel.html,Translate this sentence from eng to hat: Our experienced team will help you solve your problems.,Ekip ki gen eksperyans nou an pare pou ede ou rezoud pwoblèm ou yo.
1.07887,1.00001,0.99491,crawl-data/CC-MAIN-2021-10/segments/1614178369512.68/wet/CC-MAIN-20210304174506-20210304204506-00548.warc.wet.gz,https://www.e-libra.su/read/594320-two-cousins-of-azov.html,paracrawl9_philipp,_,Translate this sentence from eng to hat: She's not on the floor!,Se pa atè la a non!
1.0619242,0.98638,0.96824,crawl-data/CC-MAIN-2017-34/segments/1502886104636.62/wet/CC-MAIN-20170818121545-20170818141545-00619.warc.wet.gz,http://mantgames.en.made-in-china.com/product/NjrQSWsgAAhH/China-16-People-Carousel-Rides-From-Mantong-Made-in-China.html,paracrawl9_philipp,_,Translate this sentence from eng to hat: Provides all sorts of consultation.,6. bay tout kalite konsilteation.
1.0629934,0.99608,0.99966,crawl-data/CC-MAIN-2017-26/segments/1498128320049.84/wet/CC-MAIN-20170623100455-20170623120455-00281.warc.wet.gz,https://www.fanfiction.net/s/6033180/1/Falling-Moon,crawl-data/CC-MAIN-2018-47/segments/1542039743184.39/wet/CC-MAIN-20181116194306-20181116220306-00262.warc.wet.gz,http://ufdc.ufl.edu/UF00098809/00108,Translate this sentence from eng to hat: Scene of The Crime6.,enf6masyon sou aktivite krimin6l nan zon la.
1.0885637,0.99998,0.99994,crawl-data/CC-MAIN-2018-13/segments/1521257646602.39/wet/CC-MAIN-20180319062143-20180319082143-00579.warc.wet.gz,http://csl-whiterock.com/2013/12/04/international-bodhi-day/,leipzig,_,"Translate this sentence from eng to hat: ""As it ought be"" means as it is in Reality.","An, Jan yon bagay ye, jan yon bagay dwe ye."
