source,target
"The work of Jesus is being increasingly undermined, not just in the secular world, but in many parts of the church.","Ang gawain ni Hesus ay lalong pinapahina, hindi lamang sa mundong sekular, kundi sa maraming parte ng simbahan."
"This can be done with the help of vitamins, immunomodulating drugs and vaccines.","Magagawa ito sa tulong ng bitamina, drogang immunomodulating at mga bakuna."
"If you're having trouble picking men's medium long hairstyles, then all you need to do is follow this simple guide.","Kung nahihirapan kang pumili ng medium na haba ng hairstyle na panlalaki, ang kailangan mo lang gawin ay sundan ang simpleng gabay na ito."
"Indeed, we remain the only national charitable organization that provides Canadian youth, their families, and their communities with the support, resources, and information necessary to prevent violence and keep our kids safe.","Sa katunayan, kami lang ang nag-iisang pambansang organisasyon ng kawanggawa na nagbibigay sa mga kabataan ng Canada, kanilang mga pamilya, at kanilang mga komunidad ng gabay, mapagkukunan, at impormasyong kinakailangan upang maiwasan ang karahasan at upang mapanatiling ligtas ang ating mga anak."
"These changes need to be completed in order that I may fulfil my promises to you to grant you peace, joy and happiness in this life.","Ang mga pagbabagong ito ay kailangang makumpleto upang tuparin ko ang mga pangako ko sa iyo na ipagkaloob sa iyo ang kapayapaan, kasiyahan, at kaligayahan sa buhay na ito."
"Do not give an excessive amount of private information, especially where you're staying.","Huwag labis na magbahagi ng personal na impormasyon, lalo na tungkol sa kung saan ka nakatira."
"If you have any questions that are beyond the scope of the documentation provided with the plugin or if you have suggestions on how to improve the plugin, the best way to get in touch is via my ThemeForest profile page.","Kung mayroon kang anumang mga tanong na hindi na saklaw ng gabay na ibinigay sa plugin o kung mayroon kang mga mungkahi sa kung paano pagbutihin ang mga plugin, ang pinakabuting paraan upang ikontak ako ay sa pamamagitan ng aking ThemeForest profile page."
"I would definitely recommend him if you are looking for a DJ.","Lubos ko na inirerekomenda siya kung naghahanap ka ng DJ."
"In recognition of the vulnerability of lengthy supply routes during military emergencies, chromium has been held in the National Defense Stockpile since before World War II.","Dahil sa mga kahinaan sa mahahabang ruta ng supply sa panahon ng mga emerhensiyang militar, ang kromium ay inimbak sa National Defense Stockpile mula pa bago ng ikalawang digmaang pandaigdig."
"If you look at this page on the FDA's website you will find a list of recent pet food recalls.","Kung titingnan mo itong pahina sa website ng FDA makikita mo ang listahan ng mga kamakailang pagbawi ng pagkain ng mga alagang hayop."
